Feature,MI_Score
F10_skew,0.20120411258301085
F10_kurtosis,0.19820524636985892
F1_dwt_energy,0.19335006770165508
F7_gradmax,0.1907113586786029
F1_time_to_peak,0.1595949750622192
F1_skew,0.15225426169430545
F3_auc,0.1516970999877627
F3_mean,0.1472753312802797
F2_gradmax,0.14615849927866753
F5_gradmax,0.1450156200101751
F6_dwt_energy,0.14286968907001607
F6_kurtosis,0.14223255426271297
F2_std,0.14106743954475065
F3_fft_max_mag,0.14013247413742258
F7_std,0.13731342871775842
